time,operation,user,sketch
09:27:00,commit,h1,1
09:27:41,commit,h1,2
09:27:46,commit,h2,3
09:27:49,checkid,h1,0
09:27:52,checkid,h1,0
09:27:53,checkid,h1,0
09:27:54,checkid,h1,0
09:27:58,checkid,h2,0
09:27:59,checkid,h2,0
09:28:03,checkid,h4,0
09:28:10,checkout,h2,3
09:28:17,checkout,h1,1
09:28:21,checkout,h1,1
09:28:22,checkout,h1,1
09:28:23,checkout,h1,2
09:28:24,checkout,h1,2
09:28:24,checkid,h3,0
09:28:27,checkout,h1,1
09:28:28,checkout,h1,1
09:28:30,checkout,h2,3
09:28:32,checkout,h1,1
09:28:34,checkid,h2,0
09:28:35,checkid,h2,0
09:28:38,checkid,h1,0
09:28:42,checkout,h1,1
09:28:55,checkout,h1,1
09:28:55,checkout,h1,1
09:28:58,checkid,h2,0
09:28:59,checkid,h2,0
09:29:14,checkid,h4,0
09:29:54,commit,h3,4
09:30:33,checkid,h2,0
09:30:36,checkout,h3,4
09:31:21,checkid,h2,0
09:31:46,commit,h3,5
09:31:53,checkid,h3,0
09:37:21,commit,h2,6
09:37:43,checkout,h2,3
09:37:45,checkout,h3,4
09:37:48,checkout,h1,2
09:37:51,checkout,h2,3
09:37:51,checkout,h2,3
09:40:29,checkout,h2,3
09:40:32,checkid,h3,0
09:40:33,checkid,h3,0
09:40:34,checkid,h3,0
09:40:35,checkid,h3,0
09:40:36,checkid,h3,0
09:40:36,checkid,h3,0
09:40:37,checkid,h3,0
09:40:39,checkid,h3,0
09:40:47,checkid,h3,0
09:40:48,checkid,h3,0
09:40:49,checkid,h3,0
09:40:51,checkid,h3,0
09:40:56,checkid,h4,0
09:40:59,checkout,h2,3
09:41:03,checkout,h2,3
09:41:09,checkout,h2,3
09:41:16,commit,h2,7
09:41:18,checkout,h2,3
09:41:20,checkout,h2,3
09:41:44,checkout,h2,3
09:42:46,checkid,h2,0
09:42:46,checkid,h2,0
09:42:49,checkout,h3,4
09:42:51,checkout,h3,5
09:42:56,checkout,h2,3
09:43:07,commit,h2,8
09:43:28,commit,h3,9
09:43:58,checkid,h3,0
09:47:40,commit,h2,10
09:47:48,commit,h3,11
